{
"meta":{"test_sets":[],"test_metrics":[],"learn_metrics":[{"best_value":"Min","name":"RMSE"}],"launch_mode":"Train","parameters":"","iteration_count":200,"learn_sets":["learn"],"name":"experiment"},
"iterations":[
{"learn":[0.101040255],"iteration":0,"passed_time":0.05947254167,"remaining_time":11.83503579},
{"learn":[0.09704091481],"iteration":1,"passed_time":0.060449875,"remaining_time":5.984537625},
{"learn":[0.0932258999],"iteration":2,"passed_time":0.06140425,"remaining_time":4.032212417},
{"learn":[0.08966147828],"iteration":3,"passed_time":0.062362,"remaining_time":3.055738},
{"learn":[0.08612427095],"iteration":4,"passed_time":0.06326920833,"remaining_time":2.467499125},
{"learn":[0.08310373734],"iteration":5,"passed_time":0.06424145833,"remaining_time":2.077140486},
{"learn":[0.08013973527],"iteration":6,"passed_time":0.065299875,"remaining_time":1.800410839},
{"learn":[0.0775946016],"iteration":7,"passed_time":0.06621241667,"remaining_time":1.589098},
{"learn":[0.07545481716],"iteration":8,"passed_time":0.06710866667,"remaining_time":1.424195037},
{"learn":[0.07290307165],"iteration":9,"passed_time":0.06801266667,"remaining_time":1.292240667},
{"learn":[0.07014838616],"iteration":10,"passed_time":0.06889895833,"remaining_time":1.183809375},
{"learn":[0.06774563557],"iteration":11,"passed_time":0.069776125,"remaining_time":1.093159292},
{"learn":[0.06610828851],"iteration":12,"passed_time":0.070686125,"remaining_time":1.016792721},
{"learn":[0.06383556918],"iteration":13,"passed_time":0.071583875,"remaining_time":0.9510429107},
{"learn":[0.06260890105],"iteration":14,"passed_time":0.07246895833,"remaining_time":0.8937838194},
{"learn":[0.06054914937],"iteration":15,"passed_time":0.07350291667,"remaining_time":0.8452835417},
{"learn":[0.05899535051],"iteration":16,"passed_time":0.07449191667,"remaining_time":0.8018835735},
{"learn":[0.05730198716],"iteration":17,"passed_time":0.07538795833,"remaining_time":0.7622560231},
{"learn":[0.0555676623],"iteration":18,"passed_time":0.0762745,"remaining_time":0.7266149737},
{"learn":[0.05428462488],"iteration":19,"passed_time":0.07715566667,"remaining_time":0.694401},
{"learn":[0.05280301043],"iteration":20,"passed_time":0.078054,"remaining_time":0.6653174286},
{"learn":[0.05185084346],"iteration":21,"passed_time":0.07901879167,"remaining_time":0.6393338598},
{"learn":[0.05046977227],"iteration":22,"passed_time":0.0800075,"remaining_time":0.6157098913},
{"learn":[0.04919901539],"iteration":23,"passed_time":0.08092754167,"remaining_time":0.5934686389},
{"learn":[0.04817404538],"iteration":24,"passed_time":0.08186358333,"remaining_time":0.5730450833},
{"learn":[0.04749444261],"iteration":25,"passed_time":0.08275933333,"remaining_time":0.5538509231},
{"learn":[0.04653423755],"iteration":26,"passed_time":0.08363470833,"remaining_time":0.5358816497},
{"learn":[0.04585605701],"iteration":27,"passed_time":0.08452458333,"remaining_time":0.5192224405},
{"learn":[0.04491764857],"iteration":28,"passed_time":0.085407875,"remaining_time":0.5036119526},
{"learn":[0.04400757623],"iteration":29,"passed_time":0.08629483333,"remaining_time":0.4890040556},
{"learn":[0.04347766519],"iteration":30,"passed_time":0.08718454167,"remaining_time":0.4752963723},
{"learn":[0.0426897445],"iteration":31,"passed_time":0.08812745833,"remaining_time":0.4626691563},
{"learn":[0.04201013931],"iteration":32,"passed_time":0.08903233333,"remaining_time":0.4505575657},
{"learn":[0.0412439279],"iteration":33,"passed_time":0.09010445833,"remaining_time":0.4399217672},
{"learn":[0.0406470982],"iteration":34,"passed_time":0.09106620833,"remaining_time":0.429312125},
{"learn":[0.04001243208],"iteration":35,"passed_time":0.09216733333,"remaining_time":0.4198734074},
{"learn":[0.03927258609],"iteration":36,"passed_time":0.093370875,"remaining_time":0.4113365574},
{"learn":[0.03892585036],"iteration":37,"passed_time":0.094389,"remaining_time":0.4023952105},
{"learn":[0.03844484309],"iteration":38,"passed_time":0.09527529167,"remaining_time":0.3933159476},
{"learn":[0.03786914392],"iteration":39,"passed_time":0.09615854167,"remaining_time":0.3846341667},
{"learn":[0.03739543026],"iteration":40,"passed_time":0.097153625,"remaining_time":0.376766497},
{"learn":[0.03697164386],"iteration":41,"passed_time":0.098235125,"remaining_time":0.3695511845},
{"learn":[0.03659092848],"iteration":42,"passed_time":0.099111875,"remaining_time":0.3618735901},
{"learn":[0.0360413195],"iteration":43,"passed_time":0.09999133333,"remaining_time":0.3545147273},
{"learn":[0.03548168491],"iteration":44,"passed_time":0.1008285,"remaining_time":0.3472981667},
{"learn":[0.03500884849],"iteration":45,"passed_time":0.10171475,"remaining_time":0.3405232935},
{"learn":[0.03467154416],"iteration":46,"passed_time":0.1026189583,"remaining_time":0.3340574601},
{"learn":[0.03423926942],"iteration":47,"passed_time":0.1035149583,"remaining_time":0.3277973681},
{"learn":[0.0339000356],"iteration":48,"passed_time":0.1044088333,"remaining_time":0.3217496701},
{"learn":[0.03343224921],"iteration":49,"passed_time":0.105290375,"remaining_time":0.315871125},
{"learn":[0.03297309731],"iteration":50,"passed_time":0.1064699583,"remaining_time":0.31105929},
{"learn":[0.03260519353],"iteration":51,"passed_time":0.1073772917,"remaining_time":0.3056122917},
{"learn":[0.0321392549],"iteration":52,"passed_time":0.1082700417,"remaining_time":0.3002961533},
{"learn":[0.03181077915],"iteration":53,"passed_time":0.1091861667,"remaining_time":0.2952070432},
{"learn":[0.0314911404],"iteration":54,"passed_time":0.1100844167,"remaining_time":0.290222553},
{"learn":[0.03114967761],"iteration":55,"passed_time":0.1109560833,"remaining_time":0.2853156429},
{"learn":[0.03075546379],"iteration":56,"passed_time":0.111908625,"remaining_time":0.2807532171},
{"learn":[0.03035928454],"iteration":57,"passed_time":0.1128265,"remaining_time":0.2762303966},
{"learn":[0.03001937277],"iteration":58,"passed_time":0.1138500417,"remaining_time":0.272082303},
{"learn":[0.02972125152],"iteration":59,"passed_time":0.1147987083,"remaining_time":0.2678636528},
{"learn":[0.02952602747],"iteration":60,"passed_time":0.115681625,"remaining_time":0.2636023914},
{"learn":[0.0290910991],"iteration":61,"passed_time":0.1165425,"remaining_time":0.2594010484},
{"learn":[0.02879788628],"iteration":62,"passed_time":0.117493875,"remaining_time":0.2555025536},
{"learn":[0.02845376629],"iteration":63,"passed_time":0.118397875,"remaining_time":0.2515954844},
{"learn":[0.02823703827],"iteration":64,"passed_time":0.1192780833,"remaining_time":0.2477314038},
{"learn":[0.02797530069],"iteration":65,"passed_time":0.1201576667,"remaining_time":0.2439564747},
{"learn":[0.02772844473],"iteration":66,"passed_time":0.1210299583,"remaining_time":0.2402534994},
{"learn":[0.02749217746],"iteration":67,"passed_time":0.1220120833,"remaining_time":0.2368469853},
{"learn":[0.02714286886],"iteration":68,"passed_time":0.1229349583,"remaining_time":0.2333982542},
{"learn":[0.02691707529],"iteration":69,"passed_time":0.12381725,"remaining_time":0.2299463214},
{"learn":[0.02663742138],"iteration":70,"passed_time":0.1247972917,"remaining_time":0.226744375},
{"learn":[0.02646348862],"iteration":71,"passed_time":0.125679875,"remaining_time":0.2234308889},
{"learn":[0.02622438811],"iteration":72,"passed_time":0.1265482917,"remaining_time":0.2201593567},
{"learn":[0.02601380127],"iteration":73,"passed_time":0.1274699167,"remaining_time":0.2170433716},
{"learn":[0.02588764044],"iteration":74,"passed_time":0.12835075,"remaining_time":0.2139179167},
{"learn":[0.02563591912],"iteration":75,"passed_time":0.1292609167,"remaining_time":0.2108993904},
{"learn":[0.02533574969],"iteration":76,"passed_time":0.1301770417,"remaining_time":0.2079451445},
{"learn":[0.02507826304],"iteration":77,"passed_time":0.1311137083,"remaining_time":0.2050752874},
{"learn":[0.02481229969],"iteration":78,"passed_time":0.1320212083,"remaining_time":0.2022096988},
{"learn":[0.02458686144],"iteration":79,"passed_time":0.1329104167,"remaining_time":0.199365625},
{"learn":[0.02432293112],"iteration":80,"passed_time":0.1337909167,"remaining_time":0.1965570257},
{"learn":[0.02414169437],"iteration":81,"passed_time":0.134652,"remaining_time":0.1937675122},
{"learn":[0.0239532315],"iteration":82,"passed_time":0.13556925,"remaining_time":0.1911036416},
{"learn":[0.02372556037],"iteration":83,"passed_time":0.1364665833,"remaining_time":0.1884538532},
{"learn":[0.02353067609],"iteration":84,"passed_time":0.137375625,"remaining_time":0.1858611397},
{"learn":[0.02330857275],"iteration":85,"passed_time":0.1383822917,"remaining_time":0.1834369913},
{"learn":[0.02309139658],"iteration":86,"passed_time":0.1393829167,"remaining_time":0.1810375814},
{"learn":[0.02287042543],"iteration":87,"passed_time":0.1402955833,"remaining_time":0.1785580152},
{"learn":[0.02267657985],"iteration":88,"passed_time":0.1412792917,"remaining_time":0.1762022626},
{"learn":[0.02246748212],"iteration":89,"passed_time":0.14215875,"remaining_time":0.1737495833},
{"learn":[0.02226259242],"iteration":90,"passed_time":0.1430413333,"remaining_time":0.1713352234},
{"learn":[0.02207052586],"iteration":91,"passed_time":0.14394725,"remaining_time":0.1689815543},
{"learn":[0.02188797418],"iteration":92,"passed_time":0.1448642917,"remaining_time":0.1666718194},
{"learn":[0.02172313166],"iteration":93,"passed_time":0.1457523333,"remaining_time":0.1643590142},
{"learn":[0.02150588021],"iteration":94,"passed_time":0.146747375,"remaining_time":0.1621944671},
{"learn":[0.0213065866],"iteration":95,"passed_time":0.1476422917,"remaining_time":0.159945816},
{"learn":[0.02111602549],"iteration":96,"passed_time":0.1485410833,"remaining_time":0.1577291916},
{"learn":[0.02090772032],"iteration":97,"passed_time":0.1495392083,"remaining_time":0.1556428495},
{"learn":[0.02075897271],"iteration":98,"passed_time":0.15046975,"remaining_time":0.1535095429},
{"learn":[0.02055272702],"iteration":99,"passed_time":0.1514741667,"remaining_time":0.1514741667},
{"learn":[0.02040481273],"iteration":100,"passed_time":0.152348375,"remaining_time":0.1493315755},
{"learn":[0.02021499959],"iteration":101,"passed_time":0.153218125,"remaining_time":0.1472095711},
{"learn":[0.02001981017],"iteration":102,"passed_time":0.1541128333,"remaining_time":0.1451353867},
{"learn":[0.01985117781],"iteration":103,"passed_time":0.1551557917,"remaining_time":0.1432207308},
{"learn":[0.01969454974],"iteration":104,"passed_time":0.15607225,"remaining_time":0.1412082262},
{"learn":[0.01956540948],"iteration":105,"passed_time":0.1569370417,"remaining_time":0.1391705841},
{"learn":[0.01939071616],"iteration":106,"passed_time":0.1578826667,"remaining_time":0.1372251215},
{"learn":[0.01925415287],"iteration":107,"passed_time":0.1587875417,"remaining_time":0.1352634614},
{"learn":[0.01906972428],"iteration":108,"passed_time":0.1596796667,"remaining_time":0.1333105474},
{"learn":[0.01891548626],"iteration":109,"passed_time":0.1605820833,"remaining_time":0.1313853409},
{"learn":[0.01874615147],"iteration":110,"passed_time":0.1615035417,"remaining_time":0.1294938307},
{"learn":[0.01858925335],"iteration":111,"passed_time":0.1626784167,"remaining_time":0.127818756},
{"learn":[0.01841509974],"iteration":112,"passed_time":0.1641515833,"remaining_time":0.1263821925},
{"learn":[0.01822598135],"iteration":113,"passed_time":0.1651033333,"remaining_time":0.1245516374},
{"learn":[0.01809182512],"iteration":114,"passed_time":0.1659982917,"remaining_time":0.1226943895},
{"learn":[0.01794465683],"iteration":115,"passed_time":0.1668975833,"remaining_time":0.1208568707},
{"learn":[0.0178108401],"iteration":116,"passed_time":0.1678030833,"remaining_time":0.1190397942},
{"learn":[0.01769131164],"iteration":117,"passed_time":0.1686931667,"remaining_time":0.1172274548},
{"learn":[0.01759929165],"iteration":118,"passed_time":0.169596125,"remaining_time":0.1154393792},
{"learn":[0.01748031932],"iteration":119,"passed_time":0.1705046667,"remaining_time":0.1136697778},
{"learn":[0.01734309767],"iteration":120,"passed_time":0.171747,"remaining_time":0.1121323388},
{"learn":[0.01723709755],"iteration":121,"passed_time":0.1726632917,"remaining_time":0.1103912848},
{"learn":[0.01711625146],"iteration":122,"passed_time":0.1735767917,"remaining_time":0.108661894},
{"learn":[0.01698965421],"iteration":123,"passed_time":0.174475,"remaining_time":0.1069362903},
{"learn":[0.01690456145],"iteration":124,"passed_time":0.1753754583,"remaining_time":0.105225275},
{"learn":[0.01684217814],"iteration":125,"passed_time":0.1762537917,"remaining_time":0.1035141316},
{"learn":[0.01667756538],"iteration":126,"passed_time":0.177197,"remaining_time":0.1018533937},
{"learn":[0.01656483181],"iteration":127,"passed_time":0.178170625,"remaining_time":0.1002209766},
{"learn":[0.01645962581],"iteration":128,"passed_time":0.17907175,"remaining_time":0.09855887016},
{"learn":[0.01631496609],"iteration":129,"passed_time":0.18029275,"remaining_time":0.09708071154},
{"learn":[0.01619768844],"iteration":130,"passed_time":0.1813575417,"remaining_time":0.09552420134},
{"learn":[0.0160867602],"iteration":131,"passed_time":0.1822596667,"remaining_time":0.09389134343},
{"learn":[0.01598271643],"iteration":132,"passed_time":0.1831589167,"remaining_time":0.09226802569},
{"learn":[0.01587380509],"iteration":133,"passed_time":0.1840632917,"remaining_time":0.09065803918},
{"learn":[0.01579041669],"iteration":134,"passed_time":0.184942125,"remaining_time":0.08904620833},
{"learn":[0.01566239821],"iteration":135,"passed_time":0.1858383333,"remaining_time":0.08745333333},
{"learn":[0.01552900741],"iteration":136,"passed_time":0.186787375,"remaining_time":0.08589492427},
{"learn":[0.01543082242],"iteration":137,"passed_time":0.1879296667,"remaining_time":0.08443216908},
{"learn":[0.01537265706],"iteration":138,"passed_time":0.1890345833,"remaining_time":0.0829576229},
{"learn":[0.01531489004],"iteration":139,"passed_time":0.1900975,"remaining_time":0.08147035714},
{"learn":[0.01518116021],"iteration":140,"passed_time":0.1911411667,"remaining_time":0.07998105556},
{"learn":[0.01510754507],"iteration":141,"passed_time":0.1922250833,"remaining_time":0.07851447066},
{"learn":[0.01500105298],"iteration":142,"passed_time":0.1932695417,"remaining_time":0.07703750962},
{"learn":[0.01494901814],"iteration":143,"passed_time":0.194237875,"remaining_time":0.07553695139},
{"learn":[0.0148069795],"iteration":144,"passed_time":0.1952609583,"remaining_time":0.07406450144},
{"learn":[0.0147570287],"iteration":145,"passed_time":0.196271875,"remaining_time":0.07259370719},
{"learn":[0.01464140204],"iteration":146,"passed_time":0.1971905833,"remaining_time":0.0710959246},
{"learn":[0.01450024752],"iteration":147,"passed_time":0.1981677083,"remaining_time":0.06962649212},
{"learn":[0.0144071788],"iteration":148,"passed_time":0.1991172917,"remaining_time":0.06815424077},
{"learn":[0.01433396478],"iteration":149,"passed_time":0.2000583333,"remaining_time":0.06668611111},
{"learn":[0.01424453848],"iteration":150,"passed_time":0.200931875,"remaining_time":0.06520305877},
{"learn":[0.0141151798],"iteration":151,"passed_time":0.2018395417,"remaining_time":0.06373880263},
{"learn":[0.01401836847],"iteration":152,"passed_time":0.20276,"remaining_time":0.06228575163},
{"learn":[0.01391846699],"iteration":153,"passed_time":0.2038415833,"remaining_time":0.06088774567},
{"learn":[0.01384771391],"iteration":154,"passed_time":0.2047869167,"remaining_time":0.05945426613},
{"learn":[0.01378320279],"iteration":155,"passed_time":0.205678375,"remaining_time":0.05801184936},
{"learn":[0.01369740266],"iteration":156,"passed_time":0.206564875,"remaining_time":0.05657509315},
{"learn":[0.01361013552],"iteration":157,"passed_time":0.207517125,"remaining_time":0.05516278006},
{"learn":[0.01355841493],"iteration":158,"passed_time":0.20841825,"remaining_time":0.05374307075},
{"learn":[0.01346380868],"iteration":159,"passed_time":0.2093219167,"remaining_time":0.05233047917},
{"learn":[0.01340011504],"iteration":160,"passed_time":0.2102424583,"remaining_time":0.05092829736},
{"learn":[0.01335324835],"iteration":161,"passed_time":0.2111549167,"remaining_time":0.04953016564},
{"learn":[0.0132335064],"iteration":162,"passed_time":0.212213,"remaining_time":0.04817104908},
{"learn":[0.01314389701],"iteration":163,"passed_time":0.213110875,"remaining_time":0.04678043598},
{"learn":[0.01307458977],"iteration":164,"passed_time":0.2140319167,"remaining_time":0.0454007096},
{"learn":[0.01297225297],"iteration":165,"passed_time":0.2149350833,"remaining_time":0.04402284839},
{"learn":[0.01290944082],"iteration":166,"passed_time":0.215842625,"remaining_time":0.04265153668},
{"learn":[0.01284175119],"iteration":167,"passed_time":0.2167602917,"remaining_time":0.0412876746},
{"learn":[0.01277669012],"iteration":168,"passed_time":0.2176749167,"remaining_time":0.03992853501},
{"learn":[0.0127327372],"iteration":169,"passed_time":0.2186105,"remaining_time":0.03857832353},
{"learn":[0.01262814558],"iteration":170,"passed_time":0.219607875,"remaining_time":0.03724344079},
{"learn":[0.01254983036],"iteration":171,"passed_time":0.2206839167,"remaining_time":0.03592528876},
{"learn":[0.01247941904],"iteration":172,"passed_time":0.2216107083,"remaining_time":0.03458664234},
{"learn":[0.01241725147],"iteration":173,"passed_time":0.2225199167,"remaining_time":0.03325010249},
{"learn":[0.01236168092],"iteration":174,"passed_time":0.223478625,"remaining_time":0.03192551786},
{"learn":[0.01227216953],"iteration":175,"passed_time":0.2244073333,"remaining_time":0.030601},
{"learn":[0.01221019244],"iteration":176,"passed_time":0.225311,"remaining_time":0.02927770056},
{"learn":[0.01215874365],"iteration":177,"passed_time":0.2262047083,"remaining_time":0.0279578853},
{"learn":[0.01208919053],"iteration":178,"passed_time":0.227224125,"remaining_time":0.02665757891},
{"learn":[0.01202413894],"iteration":179,"passed_time":0.2281724583,"remaining_time":0.02535249537},
{"learn":[0.01194787816],"iteration":180,"passed_time":0.229434,"remaining_time":0.02408423204},
{"learn":[0.01187271328],"iteration":181,"passed_time":0.23059725,"remaining_time":0.02280632143},
{"learn":[0.01181248356],"iteration":182,"passed_time":0.23153425,"remaining_time":0.02150864617},
{"learn":[0.011753446],"iteration":183,"passed_time":0.2324502917,"remaining_time":0.02021306884},
{"learn":[0.01170927055],"iteration":184,"passed_time":0.2333471667,"remaining_time":0.01892004054},
{"learn":[0.01159841818],"iteration":185,"passed_time":0.2342498333,"remaining_time":0.01763170789},
{"learn":[0.01154660272],"iteration":186,"passed_time":0.23518175,"remaining_time":0.01634953342},
{"learn":[0.01150011947],"iteration":187,"passed_time":0.2361972917,"remaining_time":0.01507642287},
{"learn":[0.01139698708],"iteration":188,"passed_time":0.2372374167,"remaining_time":0.01380746869},
{"learn":[0.01136094614],"iteration":189,"passed_time":0.2381050833,"remaining_time":0.01253184649},
{"learn":[0.01128624754],"iteration":190,"passed_time":0.2390107083,"remaining_time":0.01126228469},
{"learn":[0.01123969158],"iteration":191,"passed_time":0.2398929583,"remaining_time":0.009995539931},
{"learn":[0.01118614541],"iteration":192,"passed_time":0.2409025417,"remaining_time":0.008737397884},
{"learn":[0.01110533587],"iteration":193,"passed_time":0.2418246667,"remaining_time":0.007479113402},
{"learn":[0.01105509586],"iteration":194,"passed_time":0.2427084583,"remaining_time":0.006223293803},
{"learn":[0.01101086535],"iteration":195,"passed_time":0.2436295833,"remaining_time":0.004972032313},
{"learn":[0.01097521528],"iteration":196,"passed_time":0.244555125,"remaining_time":0.003724189721},
{"learn":[0.010934172],"iteration":197,"passed_time":0.245588375,"remaining_time":0.002480690657},
{"learn":[0.01089005939],"iteration":198,"passed_time":0.2465446667,"remaining_time":0.001238917923},
{"learn":[0.01081678027],"iteration":199,"passed_time":0.2474400833,"remaining_time":0}
]}